"","country_region_code","country_region","sub_region_1","sub_region_2","metro_area","iso_3166_2_code","census_fips_code","date","retail_and_recreation_percent_change_from_baseline","grocery_and_pharmacy_percent_change_from_baseline","parks_percent_change_from_baseline","transit_stations_percent_change_from_baseline","workplaces_percent_change_from_baseline","residential_percent_change_from_baseline"
"1","US","United States","Washington","Benton County","","",53005,"2020-02-15",6,-3,-4,-2,-1,-1
"2","US","United States","Washington","Benton County","","",53005,"2020-02-16",25,6,52,10,-1,-2
"3","US","United States","Washington","Benton County","","",53005,"2020-02-17",18,7,102,-9,-38,7
"4","US","United States","Washington","Benton County","","",53005,"2020-02-18",2,3,46,5,2,-1
"5","US","United States","Washington","Benton County","","",53005,"2020-02-19",3,4,57,12,1,-1
"6","US","United States","Washington","Benton County","","",53005,"2020-02-20",5,5,58,10,0,-1
"7","US","United States","Washington","Benton County","","",53005,"2020-02-21",1,-2,33,7,1,-1
"8","US","United States","Washington","Benton County","","",53005,"2020-02-22",6,2,108,15,0,-2
"9","US","United States","Washington","Benton County","","",53005,"2020-02-23",8,0,-18,2,-2,-1
"10","US","United States","Washington","Benton County","","",53005,"2020-02-24",4,-1,18,2,3,0
"11","US","United States","Washington","Benton County","","",53005,"2020-02-25",6,4,54,10,2,-2
"12","US","United States","Washington","Benton County","","",53005,"2020-02-26",14,7,78,15,2,-2
"13","US","United States","Washington","Benton County","","",53005,"2020-02-27",13,8,96,11,3,-2
"14","US","United States","Washington","Benton County","","",53005,"2020-02-28",9,3,45,11,3,-3
"15","US","United States","Washington","Benton County","","",53005,"2020-02-29",18,10,42,12,0,-2
"16","US","United States","Washington","Benton County","","",53005,"2020-03-01",28,17,73,30,1,-3
"17","US","United States","Washington","Benton County","","",53005,"2020-03-02",12,13,15,3,2,-1
"18","US","United States","Washington","Benton County","","",53005,"2020-03-03",13,16,55,5,1,-2
"19","US","United States","Washington","Benton County","","",53005,"2020-03-04",11,14,76,13,1,-1
"20","US","United States","Washington","Benton County","","",53005,"2020-03-05",9,9,75,8,1,-1
"21","US","United States","Washington","Benton County","","",53005,"2020-03-06",4,3,30,6,-4,0
"22","US","United States","Washington","Benton County","","",53005,"2020-03-07",10,6,41,13,1,-1
"23","US","United States","Washington","Benton County","","",53005,"2020-03-08",15,7,66,22,0,-2
"24","US","United States","Washington","Benton County","","",53005,"2020-03-09",9,6,57,8,-1,-1
"25","US","United States","Washington","Benton County","","",53005,"2020-03-10",7,7,52,4,-1,-1
"26","US","United States","Washington","Benton County","","",53005,"2020-03-11",10,11,84,15,0,-1
"27","US","United States","Washington","Benton County","","",53005,"2020-03-12",8,22,102,11,-2,0
"28","US","United States","Washington","Benton County","","",53005,"2020-03-13",-3,35,-15,1,-3,2
"29","US","United States","Washington","Benton County","","",53005,"2020-03-14",-18,19,-39,-15,-5,5
"30","US","United States","Washington","Benton County","","",53005,"2020-03-15",-11,10,-30,2,-12,4
"31","US","United States","Washington","Benton County","","",53005,"2020-03-16",-4,32,39,-1,-14,4
"32","US","United States","Washington","Benton County","","",53005,"2020-03-17",-23,17,91,0,-28,8
"33","US","United States","Washington","Benton County","","",53005,"2020-03-18",-24,13,111,1,-32,10
"34","US","United States","Washington","Benton County","","",53005,"2020-03-19",-29,12,145,-7,-34,12
"35","US","United States","Washington","Benton County","","",53005,"2020-03-20",-33,10,80,-3,-35,12
"36","US","United States","Washington","Benton County","","",53005,"2020-03-21",-42,-7,105,-4,-21,7
"37","US","United States","Washington","Benton County","","",53005,"2020-03-22",-37,-11,70,4,-30,7
"38","US","United States","Washington","Benton County","","",53005,"2020-03-23",-30,0,19,-13,-42,15
"39","US","United States","Washington","Benton County","","",53005,"2020-03-24",-36,-8,44,-19,-45,16
"40","US","United States","Washington","Benton County","","",53005,"2020-03-25",-43,-13,14,-19,-48,18
"41","US","United States","Washington","Benton County","","",53005,"2020-03-26",-46,-14,51,-22,-51,20
"42","US","United States","Washington","Benton County","","",53005,"2020-03-27",-50,-21,11,-29,-48,20
"43","US","United States","Washington","Benton County","","",53005,"2020-03-28",-53,-23,7,-26,-34,12
"44","US","United States","Washington","Benton County","","",53005,"2020-03-29",-47,-23,3,-12,-39,10
"45","US","United States","Washington","Benton County","","",53005,"2020-03-30",-41,-18,-6,-25,-52,19
"46","US","United States","Washington","Benton County","","",53005,"2020-03-31",-40,-14,36,-28,-54,19
"47","US","United States","Washington","Benton County","","",53005,"2020-04-01",-38,-11,21,-25,-54,19
"48","US","United States","Washington","Benton County","","",53005,"2020-04-02",-40,-8,78,-19,-54,20
"49","US","United States","Washington","Benton County","","",53005,"2020-04-03",-44,-13,13,-25,-50,19
"50","US","United States","Washington","Benton County","","",53005,"2020-04-04",-52,-15,25,-24,-36,12
"51","US","United States","Washington","Benton County","","",53005,"2020-04-05",-47,-17,14,-8,-40,10
"52","US","United States","Washington","Benton County","","",53005,"2020-04-06",-39,-10,62,-22,-53,18
"53","US","United States","Washington","Benton County","","",53005,"2020-04-07",-39,-9,103,-23,-54,18
"54","US","United States","Washington","Benton County","","",53005,"2020-04-08",-37,-9,96,-15,-55,19
"55","US","United States","Washington","Benton County","","",53005,"2020-04-09",-38,-7,147,-19,-55,19
"56","US","United States","Washington","Benton County","","",53005,"2020-04-10",-43,-12,80,-20,-52,18
"57","US","United States","Washington","Benton County","","",53005,"2020-04-11",-46,-7,24,-20,-36,11
"58","US","United States","Washington","Benton County","","",53005,"2020-04-12",-57,-22,22,-9,-44,9
"59","US","United States","Washington","Benton County","","",53005,"2020-04-13",-35,-12,65,-17,-52,18
"60","US","United States","Washington","Benton County","","",53005,"2020-04-14",-36,-8,102,-21,-52,18
"61","US","United States","Washington","Benton County","","",53005,"2020-04-15",-27,-1,49,-20,-51,18
"62","US","United States","Washington","Benton County","","",53005,"2020-04-16",-29,-1,129,-18,-51,18
"63","US","United States","Washington","Benton County","","",53005,"2020-04-17",-39,-13,71,-19,-48,17
"64","US","United States","Washington","Benton County","","",53005,"2020-04-18",-41,-11,80,-10,-33,10
"65","US","United States","Washington","Benton County","","",53005,"2020-04-19",-33,-9,73,-1,-35,7
"66","US","United States","Washington","Benton County","","",53005,"2020-04-20",-26,-4,115,-13,-50,16
"67","US","United States","Washington","Benton County","","",53005,"2020-04-21",-31,-5,109,-18,-50,16
"68","US","United States","Washington","Benton County","","",53005,"2020-04-22",-30,-3,41,-16,-51,18
"69","US","United States","Washington","Benton County","","",53005,"2020-04-23",-32,-2,99,-20,-51,18
"70","US","United States","Washington","Benton County","","",53005,"2020-04-24",-38,-11,68,-15,-46,16
"71","US","United States","Washington","Benton County","","",53005,"2020-04-25",-41,-12,54,-15,-32,10
"72","US","United States","Washington","Benton County","","",53005,"2020-04-26",-32,-9,81,10,-35,7
"73","US","United States","Washington","Benton County","","",53005,"2020-04-27",-25,-3,48,-15,-48,17
"74","US","United States","Washington","Benton County","","",53005,"2020-04-28",-27,-2,122,-9,-49,8
"75","US","United States","Washington","Benton County","","",53005,"2020-04-29",-23,1,115,-7,-49,16
"76","US","United States","Washington","Benton County","","",53005,"2020-04-30",-23,3,130,-11,-49,17
"77","US","United States","Washington","Benton County","","",53005,"2020-05-01",-28,-3,95,-3,-44,14
"78","US","United States","Washington","Benton County","","",53005,"2020-05-02",-34,-7,67,2,-29,9
"79","US","United States","Washington","Benton County","","",53005,"2020-05-03",-26,-4,48,13,-31,7
"80","US","United States","Washington","Benton County","","",53005,"2020-05-04",-19,3,NA,-4,-46,14
"81","US","United States","Washington","Benton County","","",53005,"2020-05-05",-18,9,158,-10,-46,13
"82","US","United States","Washington","Benton County","","",53005,"2020-05-06",-22,3,68,-6,-47,16
"83","US","United States","Washington","Benton County","","",53005,"2020-05-07",-23,7,198,-5,-46,15
"84","US","United States","Washington","Benton County","","",53005,"2020-05-08",-28,2,135,2,-42,12
"85","US","United States","Washington","Benton County","","",53005,"2020-05-09",-31,18,152,16,-25,5
"86","US","United States","Washington","Benton County","","",53005,"2020-05-10",-21,18,98,41,-24,3
"87","US","United States","Washington","Benton County","","",53005,"2020-05-11",-23,-1,110,0,-44,13
"88","US","United States","Washington","Benton County","","",53005,"2020-05-12",-24,1,83,-11,-44,14
"89","US","United States","Washington","Benton County","","",53005,"2020-05-13",-23,5,NA,-4,-45,14
"90","US","United States","Washington","Benton County","","",53005,"2020-05-14",-26,5,135,-5,-45,15
"91","US","United States","Washington","Benton County","","",53005,"2020-05-15",-30,-1,126,-3,-41,12
"92","US","United States","Washington","Benton County","","",53005,"2020-05-16",-36,-1,112,10,-24,6
"93","US","United States","Washington","Benton County","","",53005,"2020-05-17",-28,0,53,30,-28,6
"94","US","United States","Washington","Benton County","","",53005,"2020-05-18",-23,-1,NA,-3,-43,13
"95","US","United States","Washington","Benton County","","",53005,"2020-05-19",-22,5,NA,-5,-43,13
"96","US","United States","Washington","Benton County","","",53005,"2020-05-20",-23,2,NA,-2,-45,15
"97","US","United States","Washington","Benton County","","",53005,"2020-05-21",-23,7,110,8,-46,14
"98","US","United States","Washington","Benton County","","",53005,"2020-05-22",-30,-2,78,5,-42,11
"99","US","United States","Washington","Benton County","","",53005,"2020-05-23",-33,3,153,18,-21,4
"100","US","United States","Washington","Benton County","","",53005,"2020-05-24",-24,4,NA,NA,-26,2
"101","US","United States","Washington","Benton County","","",53005,"2020-05-25",-30,0,NA,-9,-73,17
"102","US","United States","Washington","Benton County","","",53005,"2020-05-26",-22,2,166,4,-42,12
"103","US","United States","Washington","Benton County","","",53005,"2020-05-27",-20,6,NA,5,-41,12
"104","US","United States","Washington","Benton County","","",53005,"2020-05-28",-21,9,NA,5,-41,12
"105","US","United States","Washington","Benton County","","",53005,"2020-05-29",-29,-2,156,3,-37,10
"106","US","United States","Washington","Benton County","","",53005,"2020-05-30",-37,-5,83,9,-14,6
"107","US","United States","Washington","Benton County","","",53005,"2020-05-31",-24,4,95,37,-15,4
"108","US","United States","Washington","Benton County","","",53005,"2020-06-01",-15,5,NA,4,-38,10
"109","US","United States","Washington","Benton County","","",53005,"2020-06-02",-19,6,173,2,-39,11
"110","US","United States","Washington","Benton County","","",53005,"2020-06-03",-16,8,NA,12,-39,11
"111","US","United States","Washington","Benton County","","",53005,"2020-06-04",-18,12,NA,8,-41,11
"112","US","United States","Washington","Benton County","","",53005,"2020-06-05",-27,2,111,5,-37,10
"113","US","United States","Washington","Benton County","","",53005,"2020-06-06",-31,9,139,20,-13,3
"114","US","United States","Washington","Benton County","","",53005,"2020-06-07",-25,5,52,43,-19,4
"115","US","United States","Washington","Benton County","","",53005,"2020-06-08",-19,6,101,9,-39,11
"116","US","United States","Washington","Benton County","","",53005,"2020-06-09",-20,7,132,-6,-39,12
"117","US","United States","Washington","Benton County","","",53005,"2020-06-10",-20,9,NA,9,-39,11
"118","US","United States","Washington","Benton County","","",53005,"2020-06-11",-21,12,218,13,-40,12
"119","US","United States","Washington","Benton County","","",53005,"2020-06-12",-30,-1,124,9,-37,9
"120","US","United States","Washington","Benton County","","",53005,"2020-06-13",-33,2,63,11,-16,5
"121","US","United States","Washington","Benton County","","",53005,"2020-06-14",-24,4,124,47,-18,2
"122","US","United States","Washington","Benton County","","",53005,"2020-06-15",-17,3,99,7,-39,11
"123","US","United States","Washington","Benton County","","",53005,"2020-06-16",-18,6,NA,5,-39,10
"124","US","United States","Washington","Benton County","","",53005,"2020-06-17",-18,11,NA,10,-40,10
"125","US","United States","Washington","Benton County","","",53005,"2020-06-18",-18,12,NA,8,-41,10
"126","US","United States","Washington","Benton County","","",53005,"2020-06-19",-28,3,158,4,-39,7
"127","US","United States","Washington","Benton County","","",53005,"2020-06-20",-34,6,111,25,-14,2
"128","US","United States","Washington","Benton County","","",53005,"2020-06-21",-25,9,NA,NA,-13,-1
"129","US","United States","Washington","Benton County","","",53005,"2020-06-22",-20,2,NA,7,-41,10
"130","US","United States","Washington","Benton County","","",53005,"2020-06-23",-20,6,215,8,-41,10
"131","US","United States","Washington","Benton County","","",53005,"2020-06-24",-20,6,NA,11,-41,10
"132","US","United States","Washington","Benton County","","",53005,"2020-06-25",-19,12,NA,8,-41,10
"133","US","United States","Washington","Benton County","","",53005,"2020-06-26",-31,-1,156,11,-39,9
"134","US","United States","Washington","Benton County","","",53005,"2020-06-27",-36,1,157,23,-18,2
"135","US","United States","Washington","Benton County","","",53005,"2020-06-28",-28,-1,66,49,-17,2
"136","US","United States","Washington","Benton County","","",53005,"2020-06-29",-16,5,155,14,-40,10
"137","US","United States","Washington","Benton County","","",53005,"2020-06-30",-15,8,161,8,-41,10
"138","US","United States","Washington","Benton County","","",53005,"2020-07-01",-13,14,NA,19,-42,10
"139","US","United States","Washington","Benton County","","",53005,"2020-07-02",-10,24,NA,21,-45,10
"140","US","United States","Washington","Benton County","","",53005,"2020-07-03",-24,13,188,9,-57,11
"141","US","United States","Washington","Benton County","","",53005,"2020-07-04",-49,3,177,12,-25,2
"142","US","United States","Washington","Benton County","","",53005,"2020-07-05",-27,-3,144,60,-23,0
"143","US","United States","Washington","Benton County","","",53005,"2020-07-06",-14,6,NA,21,-43,9
"144","US","United States","Washington","Benton County","","",53005,"2020-07-07",-13,8,193,4,-42,9
"145","US","United States","Washington","Benton County","","",53005,"2020-07-08",-14,8,NA,10,-40,9
"146","US","United States","Washington","Benton County","","",53005,"2020-07-09",-13,9,197,10,-41,10
"147","US","United States","Washington","Benton County","","",53005,"2020-07-10",-23,0,151,14,-39,7
"148","US","United States","Washington","Benton County","","",53005,"2020-07-11",-30,2,152,28,-15,2
"149","US","United States","Washington","Benton County","","",53005,"2020-07-12",-17,7,135,NA,-19,1
"150","US","United States","Washington","Benton County","","",53005,"2020-07-13",-11,4,NA,9,-41,9
"151","US","United States","Washington","Benton County","","",53005,"2020-07-14",-13,7,199,10,-41,9
"152","US","United States","Washington","Benton County","","",53005,"2020-07-15",-11,8,NA,16,-41,9
"153","US","United States","Washington","Benton County","","",53005,"2020-07-16",-12,11,NA,15,-41,10
"154","US","United States","Washington","Benton County","","",53005,"2020-07-17",-21,1,148,15,-40,7
"155","US","United States","Washington","Benton County","","",53005,"2020-07-18",-26,4,190,27,-13,2
"156","US","United States","Washington","Benton County","","",53005,"2020-07-19",-16,7,159,58,-19,0
"157","US","United States","Washington","Benton County","","",53005,"2020-07-20",-11,6,NA,10,-41,9
"158","US","United States","Washington","Benton County","","",53005,"2020-07-21",-13,7,193,0,-41,9
"159","US","United States","Washington","Benton County","","",53005,"2020-07-22",-11,7,NA,10,-39,9
"160","US","United States","Washington","Benton County","","",53005,"2020-07-23",-11,5,NA,15,-40,9
"161","US","United States","Washington","Benton County","","",53005,"2020-07-24",-18,-7,139,13,-38,7
"162","US","United States","Washington","Benton County","","",53005,"2020-07-25",-23,-5,188,29,-14,1
"163","US","United States","Washington","Benton County","","",53005,"2020-07-26",-13,-2,171,60,-15,0
"164","US","United States","Washington","Benton County","","",53005,"2020-07-27",-9,-2,NA,12,-41,9
"165","US","United States","Washington","Benton County","","",53005,"2020-07-28",-12,-3,164,6,-40,9
"166","US","United States","Washington","Benton County","","",53005,"2020-07-29",-10,-1,NA,6,-41,10
"167","US","United States","Washington","Benton County","","",53005,"2020-07-30",-14,3,201,7,-41,10
"168","US","United States","Washington","Benton County","","",53005,"2020-07-31",-20,0,128,15,-39,8
"169","US","United States","Washington","Benton County","","",53005,"2020-08-01",-22,2,162,22,-14,1
"170","US","United States","Washington","Benton County","","",53005,"2020-08-02",-11,5,136,NA,-18,0
"171","US","United States","Washington","Benton County","","",53005,"2020-08-03",-6,6,NA,14,-40,8
"172","US","United States","Washington","Benton County","","",53005,"2020-08-04",-7,6,190,2,-41,8
"173","US","United States","Washington","Benton County","","",53005,"2020-08-05",-9,6,NA,6,-40,9
"174","US","United States","Washington","Benton County","","",53005,"2020-08-06",-12,7,175,9,-41,9
"175","US","United States","Washington","Benton County","","",53005,"2020-08-07",-19,-2,143,11,-39,6
"176","US","United States","Washington","Benton County","","",53005,"2020-08-08",-24,0,186,26,-15,1
"177","US","United States","Washington","Benton County","","",53005,"2020-08-09",-12,4,145,56,-17,-1
"178","US","United States","Washington","Benton County","","",53005,"2020-08-10",-9,1,NA,10,-40,8
"179","US","United States","Washington","Benton County","","",53005,"2020-08-11",-12,2,172,7,-40,8
"180","US","United States","Washington","Benton County","","",53005,"2020-08-12",-11,-1,NA,13,-40,8
"181","US","United States","Washington","Benton County","","",53005,"2020-08-13",-13,2,NA,10,-40,8
"182","US","United States","Washington","Benton County","","",53005,"2020-08-14",-21,-5,142,17,-38,6
"183","US","United States","Washington","Benton County","","",53005,"2020-08-15",-27,-2,169,25,-13,1
"184","US","United States","Washington","Benton County","","",53005,"2020-08-16",-17,-1,135,NA,-19,0
"185","US","United States","Washington","Benton County","","",53005,"2020-08-17",-13,-3,117,5,-41,8
"186","US","United States","Washington","Benton County","","",53005,"2020-08-18",-17,0,152,-1,-39,9
"187","US","United States","Washington","Benton County","","",53005,"2020-08-19",-12,0,NA,12,-39,8
"188","US","United States","Washington","Benton County","","",53005,"2020-08-20",-11,6,NA,13,-40,8
"189","US","United States","Washington","Benton County","","",53005,"2020-08-21",-20,-4,119,13,-37,6
"190","US","United States","Washington","Benton County","","",53005,"2020-08-22",-23,1,165,24,-12,0
"191","US","United States","Washington","Benton County","","",53005,"2020-08-23",-12,3,150,52,-18,-1
"192","US","United States","Washington","Benton County","","",53005,"2020-08-24",-10,-2,147,12,-39,7
"193","US","United States","Washington","Benton County","","",53005,"2020-08-25",-10,-1,203,7,-39,7
"194","US","United States","Washington","Benton County","","",53005,"2020-08-26",-8,-1,NA,13,-38,8
"195","US","United States","Washington","Benton County","","",53005,"2020-08-27",-9,2,NA,8,-39,8
"196","US","United States","Washington","Benton County","","",53005,"2020-08-28",-17,-5,156,9,-36,6
"197","US","United States","Washington","Benton County","","",53005,"2020-08-29",-20,-4,164,24,-12,1
"198","US","United States","Washington","Benton County","","",53005,"2020-08-30",-7,0,131,60,-17,0
"199","US","United States","Washington","Benton County","","",53005,"2020-08-31",-3,-1,NA,8,-38,7
"200","US","United States","Washington","Benton County","","",53005,"2020-09-01",-4,3,197,7,-39,7
"201","US","United States","Washington","Benton County","","",53005,"2020-09-02",-5,2,NA,4,-39,8
"202","US","United States","Washington","Benton County","","",53005,"2020-09-03",-4,6,182,13,-40,8
"203","US","United States","Washington","Benton County","","",53005,"2020-09-04",-14,-2,127,14,-38,6
"204","US","United States","Washington","Franklin County","","",53021,"2020-02-15",5,2,NA,8,-1,-1
"205","US","United States","Washington","Franklin County","","",53021,"2020-02-16",10,10,NA,2,-2,-2
"206","US","United States","Washington","Franklin County","","",53021,"2020-02-17",8,8,NA,4,-39,7
"207","US","United States","Washington","Franklin County","","",53021,"2020-02-18",2,1,NA,0,2,-1
"208","US","United States","Washington","Franklin County","","",53021,"2020-02-19",3,1,NA,2,0,-2
"209","US","United States","Washington","Franklin County","","",53021,"2020-02-20",7,5,NA,-3,-1,-1
"210","US","United States","Washington","Franklin County","","",53021,"2020-02-21",9,2,NA,11,4,-2
"211","US","United States","Washington","Franklin County","","",53021,"2020-02-22",13,7,NA,2,0,-2
"212","US","United States","Washington","Franklin County","","",53021,"2020-02-23",13,6,NA,8,-3,-1
"213","US","United States","Washington","Franklin County","","",53021,"2020-02-24",5,7,NA,1,3,-2
"214","US","United States","Washington","Franklin County","","",53021,"2020-02-25",5,1,NA,-4,3,-2
"215","US","United States","Washington","Franklin County","","",53021,"2020-02-26",11,6,NA,-2,3,-3
"216","US","United States","Washington","Franklin County","","",53021,"2020-02-27",10,6,NA,3,2,-3
"217","US","United States","Washington","Franklin County","","",53021,"2020-02-28",6,6,NA,10,3,-3
"218","US","United States","Washington","Franklin County","","",53021,"2020-02-29",10,17,NA,4,0,-3
"219","US","United States","Washington","Franklin County","","",53021,"2020-03-01",26,24,NA,2,0,-3
"220","US","United States","Washington","Franklin County","","",53021,"2020-03-02",12,17,NA,1,4,-2
"221","US","United States","Washington","Franklin County","","",53021,"2020-03-03",12,15,NA,-4,3,-2
"222","US","United States","Washington","Franklin County","","",53021,"2020-03-04",10,14,NA,-2,1,-3
"223","US","United States","Washington","Franklin County","","",53021,"2020-03-05",8,10,NA,-3,1,-3
"224","US","United States","Washington","Franklin County","","",53021,"2020-03-06",10,10,NA,2,0,-3
"225","US","United States","Washington","Franklin County","","",53021,"2020-03-07",16,16,NA,-2,4,-2
"226","US","United States","Washington","Franklin County","","",53021,"2020-03-08",26,21,NA,0,-1,-2
"227","US","United States","Washington","Franklin County","","",53021,"2020-03-09",10,16,NA,-6,-12,0
"228","US","United States","Washington","Franklin County","","",53021,"2020-03-10",8,10,NA,-7,3,-2
"229","US","United States","Washington","Franklin County","","",53021,"2020-03-11",12,11,NA,-7,-1,-1
"230","US","United States","Washington","Franklin County","","",53021,"2020-03-12",7,12,NA,-8,1,-2
"231","US","United States","Washington","Franklin County","","",53021,"2020-03-13",5,37,NA,-14,1,0
"232","US","United States","Washington","Franklin County","","",53021,"2020-03-14",-9,34,-27,-16,-3,5
"233","US","United States","Washington","Franklin County","","",53021,"2020-03-15",-7,23,-2,-18,-12,4
"234","US","United States","Washington","Franklin County","","",53021,"2020-03-16",3,42,NA,-22,-5,2
"235","US","United States","Washington","Franklin County","","",53021,"2020-03-17",-17,22,NA,-30,-26,8
"236","US","United States","Washington","Franklin County","","",53021,"2020-03-18",-18,17,NA,-29,-30,8
"237","US","United States","Washington","Franklin County","","",53021,"2020-03-19",-21,14,NA,-35,-32,9
"238","US","United States","Washington","Franklin County","","",53021,"2020-03-20",-21,15,NA,-36,-33,10
"239","US","United States","Washington","Franklin County","","",53021,"2020-03-21",-30,8,NA,-33,-12,6
"240","US","United States","Washington","Franklin County","","",53021,"2020-03-22",-28,5,NA,-44,-22,NA
"241","US","United States","Washington","Franklin County","","",53021,"2020-03-23",-20,8,NA,-49,-37,12
"242","US","United States","Washington","Franklin County","","",53021,"2020-03-24",-30,-3,NA,-48,-41,13
"243","US","United States","Washington","Franklin County","","",53021,"2020-03-25",-33,-10,NA,-48,-43,15
"244","US","United States","Washington","Franklin County","","",53021,"2020-03-26",-37,-14,NA,-50,-47,17
"245","US","United States","Washington","Franklin County","","",53021,"2020-03-27",-38,-16,NA,-52,-46,17
"246","US","United States","Washington","Franklin County","","",53021,"2020-03-28",-42,-18,NA,-52,-24,12
"247","US","United States","Washington","Franklin County","","",53021,"2020-03-29",-35,-15,-16,-59,-33,NA
"248","US","United States","Washington","Franklin County","","",53021,"2020-03-30",-31,-13,NA,-54,-47,16
"249","US","United States","Washington","Franklin County","","",53021,"2020-03-31",-29,-14,NA,-55,-48,17
"250","US","United States","Washington","Franklin County","","",53021,"2020-04-01",-28,-5,NA,-55,-50,16
"251","US","United States","Washington","Franklin County","","",53021,"2020-04-02",-29,-7,NA,-52,-50,17
"252","US","United States","Washington","Franklin County","","",53021,"2020-04-03",-29,-4,NA,-52,-48,17
"253","US","United States","Washington","Franklin County","","",53021,"2020-04-04",-40,-5,NA,-57,-33,12
"254","US","United States","Washington","Franklin County","","",53021,"2020-04-05",-34,-9,NA,-59,-34,NA
"255","US","United States","Washington","Franklin County","","",53021,"2020-04-06",-27,-4,NA,-51,-49,15
"256","US","United States","Washington","Franklin County","","",53021,"2020-04-07",-29,-9,NA,-51,-51,16
"257","US","United States","Washington","Franklin County","","",53021,"2020-04-08",-28,-7,NA,-48,-52,16
"258","US","United States","Washington","Franklin County","","",53021,"2020-04-09",-26,-7,NA,-54,-52,16
"259","US","United States","Washington","Franklin County","","",53021,"2020-04-10",-28,1,NA,-45,-52,17
"260","US","United States","Washington","Franklin County","","",53021,"2020-04-11",-32,-1,NA,-44,-34,11
"261","US","United States","Washington","Franklin County","","",53021,"2020-04-12",-43,-11,11,-48,-39,NA
"262","US","United States","Washington","Franklin County","","",53021,"2020-04-13",-21,-7,NA,-39,-46,15
"263","US","United States","Washington","Franklin County","","",53021,"2020-04-14",-22,-8,NA,-41,-46,16
"264","US","United States","Washington","Franklin County","","",53021,"2020-04-15",-13,-1,NA,-42,-47,15
"265","US","United States","Washington","Franklin County","","",53021,"2020-04-16",-17,-1,NA,-46,-47,15
"266","US","United States","Washington","Franklin County","","",53021,"2020-04-17",-23,-5,NA,-39,-45,15
"267","US","United States","Washington","Franklin County","","",53021,"2020-04-18",-27,-3,NA,-43,-32,9
"268","US","United States","Washington","Franklin County","","",53021,"2020-04-19",-22,-2,NA,-51,-31,NA
"269","US","United States","Washington","Franklin County","","",53021,"2020-04-20",-11,1,NA,-31,-46,13
"270","US","United States","Washington","Franklin County","","",53021,"2020-04-21",-18,-2,NA,-41,-45,14
"271","US","United States","Washington","Franklin County","","",53021,"2020-04-22",-18,-1,NA,-38,-46,16
"272","US","United States","Washington","Franklin County","","",53021,"2020-04-23",-21,-7,NA,-42,-46,14
"273","US","United States","Washington","Franklin County","","",53021,"2020-04-24",-22,-6,NA,-42,-44,14
"274","US","United States","Washington","Franklin County","","",53021,"2020-04-25",-27,-4,NA,-42,-25,9
"275","US","United States","Washington","Franklin County","","",53021,"2020-04-26",-17,-1,NA,-41,-28,NA
"276","US","United States","Washington","Franklin County","","",53021,"2020-04-27",-12,2,NA,-40,-43,13
"277","US","United States","Washington","Franklin County","","",53021,"2020-04-28",-13,-1,NA,-38,-43,5
"278","US","United States","Washington","Franklin County","","",53021,"2020-04-29",-13,1,NA,-35,-46,12
"279","US","United States","Washington","Franklin County","","",53021,"2020-04-30",-11,-1,NA,-39,-44,13
"280","US","United States","Washington","Franklin County","","",53021,"2020-05-01",-16,1,NA,-37,-41,11
"281","US","United States","Washington","Franklin County","","",53021,"2020-05-02",-23,-2,NA,-39,-22,7
"282","US","United States","Washington","Franklin County","","",53021,"2020-05-03",-12,1,NA,-40,-26,NA
"283","US","United States","Washington","Franklin County","","",53021,"2020-05-04",-7,8,NA,-31,-43,11
"284","US","United States","Washington","Franklin County","","",53021,"2020-05-05",-10,9,NA,-32,-42,11
"285","US","United States","Washington","Franklin County","","",53021,"2020-05-06",-11,4,NA,-38,-43,13
"286","US","United States","Washington","Franklin County","","",53021,"2020-05-07",-11,4,NA,-39,-42,11
"287","US","United States","Washington","Franklin County","","",53021,"2020-05-08",-16,6,NA,-35,-39,10
"288","US","United States","Washington","Franklin County","","",53021,"2020-05-09",-14,31,NA,-30,-19,3
"289","US","United States","Washington","Franklin County","","",53021,"2020-05-10",-8,31,NA,-30,-19,2
"290","US","United States","Washington","Franklin County","","",53021,"2020-05-11",-14,3,NA,-37,-39,10
"291","US","United States","Washington","Franklin County","","",53021,"2020-05-12",-16,3,NA,-36,-39,12
"292","US","United States","Washington","Franklin County","","",53021,"2020-05-13",-12,4,NA,-37,-40,11
"293","US","United States","Washington","Franklin County","","",53021,"2020-05-14",-16,0,NA,-44,-40,11
"294","US","United States","Washington","Franklin County","","",53021,"2020-05-15",-16,3,NA,-40,-37,8
"295","US","United States","Washington","Franklin County","","",53021,"2020-05-16",-19,9,NA,-39,-18,4
"296","US","United States","Washington","Franklin County","","",53021,"2020-05-17",-15,5,NA,-41,-20,5
"297","US","United States","Washington","Franklin County","","",53021,"2020-05-18",-11,1,NA,-44,-38,10
"298","US","United States","Washington","Franklin County","","",53021,"2020-05-19",-12,4,NA,-41,-38,11
"299","US","United States","Washington","Franklin County","","",53021,"2020-05-20",-9,3,NA,-43,-40,14
"300","US","United States","Washington","Franklin County","","",53021,"2020-05-21",-16,0,NA,-44,-40,11
"301","US","United States","Washington","Franklin County","","",53021,"2020-05-22",-14,2,NA,-36,-38,9
"302","US","United States","Washington","Franklin County","","",53021,"2020-05-23",-19,16,NA,-33,-15,2
"303","US","United States","Washington","Franklin County","","",53021,"2020-05-24",-12,16,NA,-45,-20,1
"304","US","United States","Washington","Franklin County","","",53021,"2020-05-25",-13,6,NA,-53,-68,15
"305","US","United States","Washington","Franklin County","","",53021,"2020-05-26",-12,0,NA,-40,-37,9
"306","US","United States","Washington","Franklin County","","",53021,"2020-05-27",-9,4,NA,-39,-38,9
"307","US","United States","Washington","Franklin County","","",53021,"2020-05-28",-12,1,NA,-38,-38,9
"308","US","United States","Washington","Franklin County","","",53021,"2020-05-29",-15,5,NA,-32,-33,7
"309","US","United States","Washington","Franklin County","","",53021,"2020-05-30",-24,5,NA,-42,-7,4
"310","US","United States","Washington","Franklin County","","",53021,"2020-05-31",-8,14,NA,-32,-10,3
"311","US","United States","Washington","Franklin County","","",53021,"2020-06-01",-2,10,NA,-29,-35,7
"312","US","United States","Washington","Franklin County","","",53021,"2020-06-02",-11,7,NA,-32,-36,8
"313","US","United States","Washington","Franklin County","","",53021,"2020-06-03",-6,10,NA,-35,-36,8
"314","US","United States","Washington","Franklin County","","",53021,"2020-06-04",-8,12,NA,-29,-35,7
"315","US","United States","Washington","Franklin County","","",53021,"2020-06-05",-14,7,NA,-32,-33,7
"316","US","United States","Washington","Franklin County","","",53021,"2020-06-06",-12,17,NA,-30,0,1
"317","US","United States","Washington","Franklin County","","",53021,"2020-06-07",-9,11,NA,-29,-10,3
"318","US","United States","Washington","Franklin County","","",53021,"2020-06-08",-4,12,NA,-31,-34,7
"319","US","United States","Washington","Franklin County","","",53021,"2020-06-09",-7,11,NA,-36,-36,11
"320","US","United States","Washington","Franklin County","","",53021,"2020-06-10",-6,12,NA,-34,-37,7
"321","US","United States","Washington","Franklin County","","",53021,"2020-06-11",-10,9,NA,-33,-37,7
"322","US","United States","Washington","Franklin County","","",53021,"2020-06-12",-10,11,NA,-31,-35,6
"323","US","United States","Washington","Franklin County","","",53021,"2020-06-13",-17,18,NA,-38,-12,5
"324","US","United States","Washington","Franklin County","","",53021,"2020-06-14",-12,14,NA,-27,-13,1
"325","US","United States","Washington","Franklin County","","",53021,"2020-06-15",-1,13,NA,-28,-38,9
"326","US","United States","Washington","Franklin County","","",53021,"2020-06-16",-11,9,NA,-37,-37,8
"327","US","United States","Washington","Franklin County","","",53021,"2020-06-17",-7,11,NA,-30,-38,7
"328","US","United States","Washington","Franklin County","","",53021,"2020-06-18",-6,10,NA,-31,-39,6
"329","US","United States","Washington","Franklin County","","",53021,"2020-06-19",-10,16,NA,-22,-37,5
"330","US","United States","Washington","Franklin County","","",53021,"2020-06-20",-18,17,NA,-24,-8,0
"331","US","United States","Washington","Franklin County","","",53021,"2020-06-21",-12,25,NA,-24,-11,-1
"332","US","United States","Washington","Franklin County","","",53021,"2020-06-22",-6,8,NA,-30,-40,7
"333","US","United States","Washington","Franklin County","","",53021,"2020-06-23",-7,9,NA,-30,-41,7
"334","US","United States","Washington","Franklin County","","",53021,"2020-06-24",-9,7,NA,-26,-40,7
"335","US","United States","Washington","Franklin County","","",53021,"2020-06-25",-7,8,NA,-26,-39,7
"336","US","United States","Washington","Franklin County","","",53021,"2020-06-26",-14,8,NA,-23,-38,6
"337","US","United States","Washington","Franklin County","","",53021,"2020-06-27",-18,11,NA,-18,-15,1
"338","US","United States","Washington","Franklin County","","",53021,"2020-06-28",-13,7,NA,-25,-16,2
"339","US","United States","Washington","Franklin County","","",53021,"2020-06-29",-5,10,NA,-26,-37,6
"340","US","United States","Washington","Franklin County","","",53021,"2020-06-30",-5,11,NA,-28,-40,8
"341","US","United States","Washington","Franklin County","","",53021,"2020-07-01",-3,14,NA,-26,-40,7
"342","US","United States","Washington","Franklin County","","",53021,"2020-07-02",1,17,NA,-23,-43,6
"343","US","United States","Washington","Franklin County","","",53021,"2020-07-03",-3,17,NA,-30,-53,7
"344","US","United States","Washington","Franklin County","","",53021,"2020-07-04",-28,19,NA,-34,-26,0
"345","US","United States","Washington","Franklin County","","",53021,"2020-07-05",-16,3,NA,-35,-21,0
"346","US","United States","Washington","Franklin County","","",53021,"2020-07-06",-3,12,NA,-25,-41,6
"347","US","United States","Washington","Franklin County","","",53021,"2020-07-07",-7,5,NA,-34,-41,7
"348","US","United States","Washington","Franklin County","","",53021,"2020-07-08",-7,7,NA,-26,-41,7
"349","US","United States","Washington","Franklin County","","",53021,"2020-07-09",-11,2,NA,-25,-41,6
"350","US","United States","Washington","Franklin County","","",53021,"2020-07-10",-13,4,NA,-23,-39,5
"351","US","United States","Washington","Franklin County","","",53021,"2020-07-11",-20,11,NA,-19,-9,0
"352","US","United States","Washington","Franklin County","","",53021,"2020-07-12",-14,8,NA,-25,-19,0
"353","US","United States","Washington","Franklin County","","",53021,"2020-07-13",-6,6,NA,-20,-39,6
"354","US","United States","Washington","Franklin County","","",53021,"2020-07-14",-13,5,NA,-32,-40,7
"355","US","United States","Washington","Franklin County","","",53021,"2020-07-15",-7,5,NA,-30,-40,6
"356","US","United States","Washington","Franklin County","","",53021,"2020-07-16",-14,2,NA,-32,-41,7
"357","US","United States","Washington","Franklin County","","",53021,"2020-07-17",-14,9,NA,-23,-40,5
"358","US","United States","Washington","Franklin County","","",53021,"2020-07-18",-21,10,NA,-13,-15,0
"359","US","United States","Washington","Franklin County","","",53021,"2020-07-19",-16,8,NA,-23,-17,0
"360","US","United States","Washington","Franklin County","","",53021,"2020-07-20",-5,8,NA,-25,-40,6
"361","US","United States","Washington","Franklin County","","",53021,"2020-07-21",-13,6,NA,-28,-41,7
"362","US","United States","Washington","Franklin County","","",53021,"2020-07-22",-9,7,NA,-29,-40,6
"363","US","United States","Washington","Franklin County","","",53021,"2020-07-23",-12,2,NA,-28,-39,6
"364","US","United States","Washington","Franklin County","","",53021,"2020-07-24",-15,4,NA,-21,-38,4
"365","US","United States","Washington","Franklin County","","",53021,"2020-07-25",-22,8,NA,-22,-9,-1
"366","US","United States","Washington","Franklin County","","",53021,"2020-07-26",-15,6,NA,-24,-16,-1
"367","US","United States","Washington","Franklin County","","",53021,"2020-07-27",-9,6,NA,-22,-39,6
"368","US","United States","Washington","Franklin County","","",53021,"2020-07-28",-9,4,NA,-25,-40,7
"369","US","United States","Washington","Franklin County","","",53021,"2020-07-29",-4,1,NA,-23,-40,7
"370","US","United States","Washington","Franklin County","","",53021,"2020-07-30",-10,-2,NA,-24,-41,6
"371","US","United States","Washington","Franklin County","","",53021,"2020-07-31",-10,0,NA,-18,-40,5
"372","US","United States","Washington","Franklin County","","",53021,"2020-08-01",-15,7,NA,-11,-10,-1
"373","US","United States","Washington","Franklin County","","",53021,"2020-08-02",-8,1,NA,-17,-16,-1
"374","US","United States","Washington","Franklin County","","",53021,"2020-08-03",0,5,NA,-23,-38,5
"375","US","United States","Washington","Franklin County","","",53021,"2020-08-04",-6,6,NA,-23,-40,6
"376","US","United States","Washington","Franklin County","","",53021,"2020-08-05",-5,5,NA,-22,-41,6
"377","US","United States","Washington","Franklin County","","",53021,"2020-08-06",-11,2,NA,-26,-40,5
"378","US","United States","Washington","Franklin County","","",53021,"2020-08-07",-13,7,NA,-20,-38,3
"379","US","United States","Washington","Franklin County","","",53021,"2020-08-08",-20,8,NA,-23,-12,-2
"380","US","United States","Washington","Franklin County","","",53021,"2020-08-09",-13,4,NA,-25,-13,-1
"381","US","United States","Washington","Franklin County","","",53021,"2020-08-10",-6,8,NA,-20,-39,5
"382","US","United States","Washington","Franklin County","","",53021,"2020-08-11",-9,2,NA,-24,-38,6
"383","US","United States","Washington","Franklin County","","",53021,"2020-08-12",-6,-1,NA,-24,-38,5
"384","US","United States","Washington","Franklin County","","",53021,"2020-08-13",-10,0,NA,-25,-39,4
"385","US","United States","Washington","Franklin County","","",53021,"2020-08-14",-11,-3,NA,-21,-38,3
"386","US","United States","Washington","Franklin County","","",53021,"2020-08-15",-17,3,NA,-18,-8,-2
"387","US","United States","Washington","Franklin County","","",53021,"2020-08-16",-12,-1,NA,-24,-11,-1
"388","US","United States","Washington","Franklin County","","",53021,"2020-08-17",-3,1,NA,-27,-39,6
"389","US","United States","Washington","Franklin County","","",53021,"2020-08-18",-6,1,NA,-27,-37,6
"390","US","United States","Washington","Franklin County","","",53021,"2020-08-19",-3,-1,NA,-28,-38,5
"391","US","United States","Washington","Franklin County","","",53021,"2020-08-20",-8,1,NA,-30,-38,5
"392","US","United States","Washington","Franklin County","","",53021,"2020-08-21",-9,5,NA,-23,-37,4
"393","US","United States","Washington","Franklin County","","",53021,"2020-08-22",-18,5,NA,-19,-8,-2
"394","US","United States","Washington","Franklin County","","",53021,"2020-08-23",-10,3,NA,-26,-13,-2
"395","US","United States","Washington","Franklin County","","",53021,"2020-08-24",-3,3,NA,-25,-37,4
"396","US","United States","Washington","Franklin County","","",53021,"2020-08-25",-8,1,NA,-33,-37,5
"397","US","United States","Washington","Franklin County","","",53021,"2020-08-26",-5,2,NA,-34,-37,4
"398","US","United States","Washington","Franklin County","","",53021,"2020-08-27",-6,-2,NA,-33,-36,4
"399","US","United States","Washington","Franklin County","","",53021,"2020-08-28",-6,-1,NA,-20,-37,3
"400","US","United States","Washington","Franklin County","","",53021,"2020-08-29",-16,3,NA,-15,-7,-2
"401","US","United States","Washington","Franklin County","","",53021,"2020-08-30",-7,3,NA,-29,-9,-2
"402","US","United States","Washington","Franklin County","","",53021,"2020-08-31",5,4,NA,-25,-37,4
"403","US","United States","Washington","Franklin County","","",53021,"2020-09-01",0,4,NA,-29,-37,5
"404","US","United States","Washington","Franklin County","","",53021,"2020-09-02",-2,4,NA,-32,-38,5
"405","US","United States","Washington","Franklin County","","",53021,"2020-09-03",0,4,NA,-27,-39,4
"406","US","United States","Washington","Franklin County","","",53021,"2020-09-04",-1,8,NA,-22,-37,2
"407","US","United States","Washington","King County","","",53033,"2020-02-15",-1,-2,11,8,-3,0
"408","US","United States","Washington","King County","","",53033,"2020-02-16",13,1,19,3,-2,-1
"409","US","United States","Washington","King County","","",53033,"2020-02-17",10,4,64,-13,-40,7
"410","US","United States","Washington","King County","","",53033,"2020-02-18",4,2,51,6,-8,1
"411","US","United States","Washington","King County","","",53033,"2020-02-19",2,2,62,6,-7,0
"412","US","United States","Washington","King County","","",53033,"2020-02-20",3,1,53,2,-6,0
"413","US","United States","Washington","King County","","",53033,"2020-02-21",1,-4,51,1,-7,1
"414","US","United States","Washington","King County","","",53033,"2020-02-22",0,-5,34,8,-1,-1
"415","US","United States","Washington","King County","","",53033,"2020-02-23",7,-2,0,2,1,0
"416","US","United States","Washington","King County","","",53033,"2020-02-24",0,-2,16,2,4,-1
"417","US","United States","Washington","King County","","",53033,"2020-02-25",4,1,37,3,1,0
"418","US","United States","Washington","King County","","",53033,"2020-02-26",5,2,45,5,1,-1
"419","US","United States","Washington","King County","","",53033,"2020-02-27",8,1,57,7,2,-1
"420","US","United States","Washington","King County","","",53033,"2020-02-28",3,1,21,4,1,0
"421","US","United States","Washington","King County","","",53033,"2020-02-29",1,6,33,3,1,-1
"422","US","United States","Washington","King County","","",53033,"2020-03-01",12,6,35,7,1,0
"423","US","United States","Washington","King County","","",53033,"2020-03-02",-3,9,-12,-6,0,1
"424","US","United States","Washington","King County","","",53033,"2020-03-03",-1,10,15,-8,-5,3
"425","US","United States","Washington","King County","","",53033,"2020-03-04",-2,6,52,-9,-8,3
"426","US","United States","Washington","King County","","",53033,"2020-03-05",-5,5,14,-16,-16,7
"427","US","United States","Washington","King County","","",53033,"2020-03-06",-11,-1,-5,-21,-22,9
"428","US","United States","Washington","King County","","",53033,"2020-03-07",-13,-5,13,-12,-5,4
"429","US","United States","Washington","King County","","",53033,"2020-03-08",-5,-6,33,-14,-6,3
"430","US","United States","Washington","King County","","",53033,"2020-03-09",-6,-1,47,-25,-25,9
"431","US","United States","Washington","King County","","",53033,"2020-03-10",-7,1,25,-27,-27,10
"432","US","United States","Washington","King County","","",53033,"2020-03-11",-9,6,33,-28,-27,10
"433","US","United States","Washington","King County","","",53033,"2020-03-12",-11,10,30,-33,-32,12
"434","US","United States","Washington","King County","","",53033,"2020-03-13",-20,7,-30,-40,-37,15
"435","US","United States","Washington","King County","","",53033,"2020-03-14",-28,1,12,-28,-13,7
"436","US","United States","Washington","King County","","",53033,"2020-03-15",-20,-4,42,-31,-15,6
"437","US","United States","Washington","King County","","",53033,"2020-03-16",-26,12,43,-44,-45,16
"438","US","United States","Washington","King County","","",53033,"2020-03-17",-35,2,54,-47,-51,20
"439","US","United States","Washington","King County","","",53033,"2020-03-18",-38,-1,89,-50,-53,21
"440","US","United States","Washington","King County","","",53033,"2020-03-19",-40,-3,81,-56,-55,22
"441","US","United States","Washington","King County","","",53033,"2020-03-20",-43,-3,75,-56,-55,23
"442","US","United States","Washington","King County","","",53033,"2020-03-21",-53,-15,56,-50,-36,13
"443","US","United States","Washington","King County","","",53033,"2020-03-22",-50,-21,20,-57,-38,12
"444","US","United States","Washington","King County","","",53033,"2020-03-23",-46,-12,-9,-63,-58,23
"445","US","United States","Washington","King County","","",53033,"2020-03-24",-50,-17,-8,-64,-62,27
"446","US","United States","Washington","King County","","",53033,"2020-03-25",-53,-20,5,-66,-65,27
"447","US","United States","Washington","King County","","",53033,"2020-03-26",-58,-26,-23,-70,-68,30
"448","US","United States","Washington","King County","","",53033,"2020-03-27",-59,-25,-25,-71,-68,31
"449","US","United States","Washington","King County","","",53033,"2020-03-28",-64,-31,-30,-66,-48,18
"450","US","United States","Washington","King County","","",53033,"2020-03-29",-57,-30,0,-66,-47,15
"451","US","United States","Washington","King County","","",53033,"2020-03-30",-56,-28,-33,-72,-69,28
"452","US","United States","Washington","King County","","",53033,"2020-03-31",-53,-23,-6,-70,-70,30
"453","US","United States","Washington","King County","","",53033,"2020-04-01",-52,-20,21,-68,-70,29
"454","US","United States","Washington","King County","","",53033,"2020-04-02",-55,-22,-5,-72,-70,30
"455","US","United States","Washington","King County","","",53033,"2020-04-03",-56,-21,-18,-72,-69,31
"456","US","United States","Washington","King County","","",53033,"2020-04-04",-60,-24,7,-64,-48,17
"457","US","United States","Washington","King County","","",53033,"2020-04-05",-56,-29,-10,-68,-48,15
"458","US","United States","Washington","King County","","",53033,"2020-04-06",-51,-21,26,-70,-69,27
"459","US","United States","Washington","King County","","",53033,"2020-04-07",-52,-20,35,-70,-70,29
"460","US","United States","Washington","King County","","",53033,"2020-04-08",-52,-20,49,-69,-70,28
"461","US","United States","Washington","King County","","",53033,"2020-04-09",-52,-18,43,-70,-70,29
"462","US","United States","Washington","King County","","",53033,"2020-04-10",-54,-17,29,-70,-70,30
"463","US","United States","Washington","King County","","",53033,"2020-04-11",-59,-19,-5,-63,-48,17
"464","US","United States","Washington","King County","","",53033,"2020-04-12",-65,-34,4,-66,-49,14
"465","US","United States","Washington","King County","","",53033,"2020-04-13",-53,-23,12,-69,-68,27
"466","US","United States","Washington","King County","","",53033,"2020-04-14",-52,-21,32,-68,-68,29
"467","US","United States","Washington","King County","","",53033,"2020-04-15",-50,-18,29,-67,-68,28
"468","US","United States","Washington","King County","","",53033,"2020-04-16",-51,-19,35,-68,-68,28
"469","US","United States","Washington","King County","","",53033,"2020-04-17",-54,-21,16,-68,-67,29
"470","US","United States","Washington","King County","","",53033,"2020-04-18",-60,-26,-20,-62,-45,17
"471","US","United States","Washington","King County","","",53033,"2020-04-19",-53,-26,20,-63,-44,13
"472","US","United States","Washington","King County","","",53033,"2020-04-20",-50,-23,27,-67,-67,26
"473","US","United States","Washington","King County","","",53033,"2020-04-21",-52,-24,-3,-68,-67,29
"474","US","United States","Washington","King County","","",53033,"2020-04-22",-55,-25,-36,-71,-67,29
"475","US","United States","Washington","King County","","",53033,"2020-04-23",-54,-23,-17,-70,-67,29
"476","US","United States","Washington","King County","","",53033,"2020-04-24",-54,-22,5,-67,-66,29
"477","US","United States","Washington","King County","","",53033,"2020-04-25",-58,-23,6,-60,-45,16
"478","US","United States","Washington","King County","","",53033,"2020-04-26",-52,-26,8,-62,-44,13
"479","US","United States","Washington","King County","","",53033,"2020-04-27",-49,-22,5,-67,-65,26
"480","US","United States","Washington","King County","","",53033,"2020-04-28",-49,-21,12,-67,-66,19
"481","US","United States","Washington","King County","","",53033,"2020-04-29",-49,-19,20,-66,-66,27
"482","US","United States","Washington","King County","","",53033,"2020-04-30",-49,-18,5,-67,-66,27
"483","US","United States","Washington","King County","","",53033,"2020-05-01",-49,-16,26,-64,-64,27
"484","US","United States","Washington","King County","","",53033,"2020-05-02",-57,-22,-34,-61,-44,16
"485","US","United States","Washington","King County","","",53033,"2020-05-03",-48,-20,13,-60,-40,12
"486","US","United States","Washington","King County","","",53033,"2020-05-04",-46,-18,6,-65,-63,25
"487","US","United States","Washington","King County","","",53033,"2020-05-05",-42,-10,56,-63,-64,25
"488","US","United States","Washington","King County","","",53033,"2020-05-06",-48,-17,18,-64,-64,26
"489","US","United States","Washington","King County","","",53033,"2020-05-07",-45,-13,58,-63,-63,25
"490","US","United States","Washington","King County","","",53033,"2020-05-08",-46,-9,78,-61,-62,24
"491","US","United States","Washington","King County","","",53033,"2020-05-09",-50,-7,76,-50,-38,11
"492","US","United States","Washington","King County","","",53033,"2020-05-10",-41,-8,61,-54,-35,8
"493","US","United States","Washington","King County","","",53033,"2020-05-11",-47,-21,7,-65,-62,24
"494","US","United States","Washington","King County","","",53033,"2020-05-12",-46,-16,18,-64,-62,26
"495","US","United States","Washington","King County","","",53033,"2020-05-13",-45,-14,47,-62,-62,25
"496","US","United States","Washington","King County","","",53033,"2020-05-14",-47,-17,30,-64,-62,26
"497","US","United States","Washington","King County","","",53033,"2020-05-15",-46,-15,64,-61,-61,24
"498","US","United States","Washington","King County","","",53033,"2020-05-16",-55,-21,-15,-57,-38,14
"499","US","United States","Washington","King County","","",53033,"2020-05-17",-45,-19,42,-56,-33,11
"500","US","United States","Washington","King County","","",53033,"2020-05-18",-43,-18,38,-62,-60,23
"501","US","United States","Washington","King County","","",53033,"2020-05-19",-42,-15,45,-62,-61,25
"502","US","United States","Washington","King County","","",53033,"2020-05-20",-45,-16,9,-62,-61,25
"503","US","United States","Washington","King County","","",53033,"2020-05-21",-46,-16,-8,-64,-61,26
"504","US","United States","Washington","King County","","",53033,"2020-05-22",-44,-11,19,-61,-60,24
"505","US","United States","Washington","King County","","",53033,"2020-05-23",-51,-17,49,-51,-32,11
"506","US","United States","Washington","King County","","",53033,"2020-05-24",-41,-17,71,-54,-32,8
"507","US","United States","Washington","King County","","",53033,"2020-05-25",-50,-19,-1,-71,-81,27
"508","US","United States","Washington","King County","","",53033,"2020-05-26",-41,-14,56,-60,-60,23
"509","US","United States","Washington","King County","","",53033,"2020-05-27",-40,-12,103,-58,-59,22
"510","US","United States","Washington","King County","","",53033,"2020-05-28",-42,-13,74,-61,-58,23
"511","US","United States","Washington","King County","","",53033,"2020-05-29",-44,-12,83,-58,-57,22
"512","US","United States","Washington","King County","","",53033,"2020-05-30",-57,-27,-43,-53,-29,15
"513","US","United States","Washington","King County","","",53033,"2020-05-31",-45,-20,4,-53,-26,11
"514","US","United States","Washington","King County","","",53033,"2020-06-01",-41,-16,45,-58,-58,22
"515","US","United States","Washington","King County","","",53033,"2020-06-02",-41,-12,36,-59,-59,24
"516","US","United States","Washington","King County","","",53033,"2020-06-03",-40,-11,67,-58,-58,22
"517","US","United States","Washington","King County","","",53033,"2020-06-04",-41,-11,59,-60,-58,23
"518","US","United States","Washington","King County","","",53033,"2020-06-05",-42,-11,47,-58,-57,22
"519","US","United States","Washington","King County","","",53033,"2020-06-06",-46,-14,45,-47,-24,10
"520","US","United States","Washington","King County","","",53033,"2020-06-07",-40,-16,37,-52,-24,9
"521","US","United States","Washington","King County","","",53033,"2020-06-08",-37,-15,33,-58,-56,21
"522","US","United States","Washington","King County","","",53033,"2020-06-09",-39,-15,3,-61,-58,24
"523","US","United States","Washington","King County","","",53033,"2020-06-10",-35,-11,93,-55,-57,21
"524","US","United States","Washington","King County","","",53033,"2020-06-11",-37,-13,59,-57,-57,22
"525","US","United States","Washington","King County","","",53033,"2020-06-12",-40,-13,44,-54,-57,22
"526","US","United States","Washington","King County","","",53033,"2020-06-13",-43,-15,33,-42,-21,10
"527","US","United States","Washington","King County","","",53033,"2020-06-14",-33,-17,76,-44,-20,7
"528","US","United States","Washington","King County","","",53033,"2020-06-15",-35,-16,6,-56,-57,21
"529","US","United States","Washington","King County","","",53033,"2020-06-16",-31,-10,77,-53,-57,21
"530","US","United States","Washington","King County","","",53033,"2020-06-17",-31,-9,107,-52,-56,20
"531","US","United States","Washington","King County","","",53033,"2020-06-18",-29,-7,106,-54,-56,19
"532","US","United States","Washington","King County","","",53033,"2020-06-19",-32,-8,95,-51,-56,17
"533","US","United States","Washington","King County","","",53033,"2020-06-20",-39,-11,46,-42,-20,7
"534","US","United States","Washington","King County","","",53033,"2020-06-21",-31,-14,62,-44,-18,4
"535","US","United States","Washington","King County","","",53033,"2020-06-22",-29,-13,92,-53,-57,18
"536","US","United States","Washington","King County","","",53033,"2020-06-23",-28,-10,113,-52,-58,19
"537","US","United States","Washington","King County","","",53033,"2020-06-24",-30,-10,89,-52,-56,19
"538","US","United States","Washington","King County","","",53033,"2020-06-25",-29,-8,103,-52,-56,19
"539","US","United States","Washington","King County","","",53033,"2020-06-26",-33,-11,86,-51,-56,18
"540","US","United States","Washington","King County","","",53033,"2020-06-27",-42,-18,-1,-43,-22,8
"541","US","United States","Washington","King County","","",53033,"2020-06-28",-30,-16,52,-43,-17,6
"542","US","United States","Washington","King County","","",53033,"2020-06-29",-27,-13,63,-54,-55,18
"543","US","United States","Washington","King County","","",53033,"2020-06-30",-27,-11,37,-55,-56,20
"544","US","United States","Washington","King County","","",53033,"2020-07-01",-27,-8,42,-52,-56,19
"545","US","United States","Washington","King County","","",53033,"2020-07-02",-23,-2,50,-52,-57,18
"546","US","United States","Washington","King County","","",53033,"2020-07-03",-29,-1,73,-56,-70,19
"547","US","United States","Washington","King County","","",53033,"2020-07-04",-55,-18,71,-47,-33,6
"548","US","United States","Washington","King County","","",53033,"2020-07-05",-32,-22,72,-43,-22,3
"549","US","United States","Washington","King County","","",53033,"2020-07-06",-26,-11,62,-52,-58,17
"550","US","United States","Washington","King County","","",53033,"2020-07-07",-27,-10,53,-52,-58,20
"551","US","United States","Washington","King County","","",53033,"2020-07-08",-27,-9,92,-51,-56,19
"552","US","United States","Washington","King County","","",53033,"2020-07-09",-28,-10,53,-54,-56,20
"553","US","United States","Washington","King County","","",53033,"2020-07-10",-30,-9,87,-52,-55,18
"554","US","United States","Washington","King County","","",53033,"2020-07-11",-37,-15,60,-39,-19,6
"555","US","United States","Washington","King County","","",53033,"2020-07-12",-27,-15,52,-43,-19,6
"556","US","United States","Washington","King County","","",53033,"2020-07-13",-25,-11,81,-53,-56,17
"557","US","United States","Washington","King County","","",53033,"2020-07-14",-24,-8,122,-51,-57,19
"558","US","United States","Washington","King County","","",53033,"2020-07-15",-25,-7,132,-51,-56,18
"559","US","United States","Washington","King County","","",53033,"2020-07-16",-26,-8,73,-54,-56,19
"560","US","United States","Washington","King County","","",53033,"2020-07-17",-31,-10,46,-53,-56,18
"561","US","United States","Washington","King County","","",53033,"2020-07-18",-35,-12,109,-36,-18,4
"562","US","United States","Washington","King County","","",53033,"2020-07-19",-25,-13,99,-41,-19,3
"563","US","United States","Washington","King County","","",53033,"2020-07-20",-25,-9,91,-53,-57,17
"564","US","United States","Washington","King County","","",53033,"2020-07-21",-23,-7,122,-53,-57,18
"565","US","United States","Washington","King County","","",53033,"2020-07-22",-27,-11,74,-53,-56,18
"566","US","United States","Washington","King County","","",53033,"2020-07-23",-27,-11,60,-54,-56,19
"567","US","United States","Washington","King County","","",53033,"2020-07-24",-30,-11,58,-53,-55,18
"568","US","United States","Washington","King County","","",53033,"2020-07-25",-34,-12,103,-37,-19,5
"569","US","United States","Washington","King County","","",53033,"2020-07-26",-24,-13,99,-40,-18,3
"570","US","United States","Washington","King County","","",53033,"2020-07-27",-24,-9,94,-53,-57,16
"571","US","United States","Washington","King County","","",53033,"2020-07-28",-24,-8,106,-52,-57,18
"572","US","United States","Washington","King County","","",53033,"2020-07-29",-25,-9,112,-53,-56,17
"573","US","United States","Washington","King County","","",53033,"2020-07-30",-26,-7,89,-55,-56,18
"574","US","United States","Washington","King County","","",53033,"2020-07-31",-28,-7,84,-52,-56,17
"575","US","United States","Washington","King County","","",53033,"2020-08-01",-35,-12,79,-38,-20,5
"576","US","United States","Washington","King County","","",53033,"2020-08-02",-24,-12,86,-41,-19,3
"577","US","United States","Washington","King County","","",53033,"2020-08-03",-24,-9,64,-53,-57,17
"578","US","United States","Washington","King County","","",53033,"2020-08-04",-21,-5,110,-52,-57,18
"579","US","United States","Washington","King County","","",53033,"2020-08-05",-25,-8,109,-52,-56,17
"580","US","United States","Washington","King County","","",53033,"2020-08-06",-29,-11,20,-55,-57,20
"581","US","United States","Washington","King County","","",53033,"2020-08-07",-29,-10,69,-53,-56,17
"582","US","United States","Washington","King County","","",53033,"2020-08-08",-36,-15,41,-40,-21,6
"583","US","United States","Washington","King County","","",53033,"2020-08-09",-23,-14,94,-40,-18,3
"584","US","United States","Washington","King County","","",53033,"2020-08-10",-25,-11,74,-53,-57,16
"585","US","United States","Washington","King County","","",53033,"2020-08-11",-24,-9,85,-53,-58,18
"586","US","United States","Washington","King County","","",53033,"2020-08-12",-26,-11,77,-53,-56,18
"587","US","United States","Washington","King County","","",53033,"2020-08-13",-26,-10,76,-54,-57,18
"588","US","United States","Washington","King County","","",53033,"2020-08-14",-29,-10,79,-51,-56,16
"589","US","United States","Washington","King County","","",53033,"2020-08-15",-35,-13,86,-37,-20,4
"590","US","United States","Washington","King County","","",53033,"2020-08-16",-27,-15,83,-41,-20,2
"591","US","United States","Washington","King County","","",53033,"2020-08-17",-25,-12,66,-54,-57,16
"592","US","United States","Washington","King County","","",53033,"2020-08-18",-24,-10,89,-54,-57,18
"593","US","United States","Washington","King County","","",53033,"2020-08-19",-26,-10,93,-54,-56,17
"594","US","United States","Washington","King County","","",53033,"2020-08-20",-26,-10,63,-54,-57,18
"595","US","United States","Washington","King County","","",53033,"2020-08-21",-30,-12,27,-54,-56,18
"596","US","United States","Washington","King County","","",53033,"2020-08-22",-34,-14,76,-39,-19,5
"597","US","United States","Washington","King County","","",53033,"2020-08-23",-24,-16,79,-41,-19,3
"598","US","United States","Washington","King County","","",53033,"2020-08-24",-25,-12,62,-54,-57,16
"599","US","United States","Washington","King County","","",53033,"2020-08-25",-22,-10,104,-54,-57,18
"600","US","United States","Washington","King County","","",53033,"2020-08-26",-24,-10,105,-54,-56,17
"601","US","United States","Washington","King County","","",53033,"2020-08-27",-24,-9,95,-54,-56,17
"602","US","United States","Washington","King County","","",53033,"2020-08-28",-27,-10,95,-53,-55,16
"603","US","United States","Washington","King County","","",53033,"2020-08-29",-33,-15,78,-41,-20,5
"604","US","United States","Washington","King County","","",53033,"2020-08-30",-21,-15,79,-41,-18,3
"605","US","United States","Washington","King County","","",53033,"2020-08-31",-22,-11,61,-54,-57,16
"606","US","United States","Washington","King County","","",53033,"2020-09-01",-19,-5,115,-52,-57,17
"607","US","United States","Washington","King County","","",53033,"2020-09-02",-22,-7,113,-53,-56,17
"608","US","United States","Washington","King County","","",53033,"2020-09-03",-21,-6,94,-51,-56,17
"609","US","United States","Washington","King County","","",53033,"2020-09-04",-24,-7,90,-50,-57,16
"610","US","United States","Washington","Yakima County","","",53077,"2020-02-15",6,4,4,3,-5,0
"611","US","United States","Washington","Yakima County","","",53077,"2020-02-16",18,8,41,19,-4,-2
"612","US","United States","Washington","Yakima County","","",53077,"2020-02-17",2,2,31,-3,-37,7
"613","US","United States","Washington","Yakima County","","",53077,"2020-02-18",2,4,27,13,-6,1
"614","US","United States","Washington","Yakima County","","",53077,"2020-02-19",2,2,21,3,0,0
"615","US","United States","Washington","Yakima County","","",53077,"2020-02-20",1,1,10,8,-1,0
"616","US","United States","Washington","Yakima County","","",53077,"2020-02-21",1,3,11,5,1,-1
"617","US","United States","Washington","Yakima County","","",53077,"2020-02-22",4,5,29,8,-1,-1
"618","US","United States","Washington","Yakima County","","",53077,"2020-02-23",8,4,6,12,-3,0
"619","US","United States","Washington","Yakima County","","",53077,"2020-02-24",0,4,19,9,0,0
"620","US","United States","Washington","Yakima County","","",53077,"2020-02-25",6,5,17,8,0,-1
"621","US","United States","Washington","Yakima County","","",53077,"2020-02-26",16,7,32,11,1,-2
"622","US","United States","Washington","Yakima County","","",53077,"2020-02-27",12,6,29,12,0,-2
"623","US","United States","Washington","Yakima County","","",53077,"2020-02-28",10,9,21,11,1,-2
"624","US","United States","Washington","Yakima County","","",53077,"2020-02-29",12,8,16,6,2,-3
"625","US","United States","Washington","Yakima County","","",53077,"2020-03-01",23,16,47,23,-1,-3
"626","US","United States","Washington","Yakima County","","",53077,"2020-03-02",11,15,14,13,0,-2
"627","US","United States","Washington","Yakima County","","",53077,"2020-03-03",13,17,24,3,1,-1
"628","US","United States","Washington","Yakima County","","",53077,"2020-03-04",17,14,35,3,1,-2
"629","US","United States","Washington","Yakima County","","",53077,"2020-03-05",14,13,24,3,0,-1
"630","US","United States","Washington","Yakima County","","",53077,"2020-03-06",9,10,20,5,-2,-1
"631","US","United States","Washington","Yakima County","","",53077,"2020-03-07",10,13,13,5,2,-2
"632","US","United States","Washington","Yakima County","","",53077,"2020-03-08",15,11,56,9,-2,-2
"633","US","United States","Washington","Yakima County","","",53077,"2020-03-09",6,14,21,6,-1,-1
"634","US","United States","Washington","Yakima County","","",53077,"2020-03-10",6,9,33,7,0,-1
"635","US","United States","Washington","Yakima County","","",53077,"2020-03-11",9,12,36,-2,0,-1
"636","US","United States","Washington","Yakima County","","",53077,"2020-03-12",8,19,29,11,-2,-1
"637","US","United States","Washington","Yakima County","","",53077,"2020-03-13",1,36,-16,-3,-3,2
"638","US","United States","Washington","Yakima County","","",53077,"2020-03-14",-11,22,-37,-12,-4,5
"639","US","United States","Washington","Yakima County","","",53077,"2020-03-15",-9,11,-17,-7,-9,3
"640","US","United States","Washington","Yakima County","","",53077,"2020-03-16",-6,30,8,-2,-18,5
"641","US","United States","Washington","Yakima County","","",53077,"2020-03-17",-20,14,14,-5,-23,8
"642","US","United States","Washington","Yakima County","","",53077,"2020-03-18",-19,13,33,-5,-26,8
"643","US","United States","Washington","Yakima County","","",53077,"2020-03-19",-22,12,29,-6,-27,9
"644","US","United States","Washington","Yakima County","","",53077,"2020-03-20",-23,19,28,-6,-28,10
"645","US","United States","Washington","Yakima County","","",53077,"2020-03-21",-33,4,34,-10,-11,6
"646","US","United States","Washington","Yakima County","","",53077,"2020-03-22",-31,-3,44,-9,-24,6
"647","US","United States","Washington","Yakima County","","",53077,"2020-03-23",-34,-4,-29,-25,-35,12
"648","US","United States","Washington","Yakima County","","",53077,"2020-03-24",-38,-9,-26,-24,-38,14
"649","US","United States","Washington","Yakima County","","",53077,"2020-03-25",-36,-11,-24,-26,-40,14
"650","US","United States","Washington","Yakima County","","",53077,"2020-03-26",-36,-9,-18,-25,-41,15
"651","US","United States","Washington","Yakima County","","",53077,"2020-03-27",-39,-9,-22,-24,-40,17
"652","US","United States","Washington","Yakima County","","",53077,"2020-03-28",-44,-11,-23,-30,-25,11
"653","US","United States","Washington","Yakima County","","",53077,"2020-03-29",-36,-13,0,-21,-33,9
"654","US","United States","Washington","Yakima County","","",53077,"2020-03-30",-34,-9,-27,-30,-41,14
"655","US","United States","Washington","Yakima County","","",53077,"2020-03-31",-32,-6,-14,-26,-42,15
"656","US","United States","Washington","Yakima County","","",53077,"2020-04-01",-26,-2,-21,-21,-43,15
"657","US","United States","Washington","Yakima County","","",53077,"2020-04-02",-32,-3,-16,-26,-44,15
"658","US","United States","Washington","Yakima County","","",53077,"2020-04-03",-32,1,-9,-28,-43,16
"659","US","United States","Washington","Yakima County","","",53077,"2020-04-04",-42,-3,-26,-35,-30,11
"660","US","United States","Washington","Yakima County","","",53077,"2020-04-05",-38,-7,-5,-26,-34,9
"661","US","United States","Washington","Yakima County","","",53077,"2020-04-06",-31,0,-3,-22,-43,14
"662","US","United States","Washington","Yakima County","","",53077,"2020-04-07",-31,-3,7,-26,-43,15
"663","US","United States","Washington","Yakima County","","",53077,"2020-04-08",-29,-3,10,-20,-44,14
"664","US","United States","Washington","Yakima County","","",53077,"2020-04-09",-28,-1,11,-20,-44,15
"665","US","United States","Washington","Yakima County","","",53077,"2020-04-10",-34,3,5,-21,-45,16
"666","US","United States","Washington","Yakima County","","",53077,"2020-04-11",-37,8,-4,-28,-30,10
"667","US","United States","Washington","Yakima County","","",53077,"2020-04-12",-48,-10,16,-20,-35,7
"668","US","United States","Washington","Yakima County","","",53077,"2020-04-13",-28,-2,3,-24,-40,13
"669","US","United States","Washington","Yakima County","","",53077,"2020-04-14",-28,-4,13,-27,-40,14
"670","US","United States","Washington","Yakima County","","",53077,"2020-04-15",-18,2,5,-23,-40,13
"671","US","United States","Washington","Yakima County","","",53077,"2020-04-16",-22,4,18,-16,-40,13
"672","US","United States","Washington","Yakima County","","",53077,"2020-04-17",-29,2,15,-26,-39,14
"673","US","United States","Washington","Yakima County","","",53077,"2020-04-18",-32,2,-1,-25,-24,9
"674","US","United States","Washington","Yakima County","","",53077,"2020-04-19",-21,4,52,-14,-29,6
"675","US","United States","Washington","Yakima County","","",53077,"2020-04-20",-20,4,10,-17,-39,11
"676","US","United States","Washington","Yakima County","","",53077,"2020-04-21",-23,1,14,-22,-40,13
"677","US","United States","Washington","Yakima County","","",53077,"2020-04-22",-19,2,-1,-26,-40,14
"678","US","United States","Washington","Yakima County","","",53077,"2020-04-23",-24,-1,11,-19,-40,14
"679","US","United States","Washington","Yakima County","","",53077,"2020-04-24",-28,2,12,-26,-40,14
"680","US","United States","Washington","Yakima County","","",53077,"2020-04-25",-32,3,3,-22,-24,8
"681","US","United States","Washington","Yakima County","","",53077,"2020-04-26",-22,2,41,-20,-30,6
"682","US","United States","Washington","Yakima County","","",53077,"2020-04-27",-17,6,1,-15,-38,12
"683","US","United States","Washington","Yakima County","","",53077,"2020-04-28",-18,6,23,-17,-38,4
"684","US","United States","Washington","Yakima County","","",53077,"2020-04-29",-15,8,24,-18,-37,11
"685","US","United States","Washington","Yakima County","","",53077,"2020-04-30",-17,10,8,-13,-39,13
"686","US","United States","Washington","Yakima County","","",53077,"2020-05-01",-19,13,26,-14,-38,12
"687","US","United States","Washington","Yakima County","","",53077,"2020-05-02",-26,9,4,-18,-20,7
"688","US","United States","Washington","Yakima County","","",53077,"2020-05-03",-16,11,53,-8,-27,5
"689","US","United States","Washington","Yakima County","","",53077,"2020-05-04",-17,11,9,-15,-36,10
"690","US","United States","Washington","Yakima County","","",53077,"2020-05-05",-16,18,36,-13,-36,10
"691","US","United States","Washington","Yakima County","","",53077,"2020-05-06",-15,11,7,-18,-36,11
"692","US","United States","Washington","Yakima County","","",53077,"2020-05-07",-17,14,41,-12,-36,11
"693","US","United States","Washington","Yakima County","","",53077,"2020-05-08",-19,17,49,-12,-35,11
"694","US","United States","Washington","Yakima County","","",53077,"2020-05-09",-21,32,63,-5,-16,4
"695","US","United States","Washington","Yakima County","","",53077,"2020-05-10",-13,35,76,3,-20,2
"696","US","United States","Washington","Yakima County","","",53077,"2020-05-11",-19,8,2,-10,-35,10
"697","US","United States","Washington","Yakima County","","",53077,"2020-05-12",-17,8,16,-18,-34,11
"698","US","United States","Washington","Yakima County","","",53077,"2020-05-13",-17,8,33,-12,-35,10
"699","US","United States","Washington","Yakima County","","",53077,"2020-05-14",-21,8,23,-9,-36,11
"700","US","United States","Washington","Yakima County","","",53077,"2020-05-15",-23,11,46,-9,-35,10
"701","US","United States","Washington","Yakima County","","",53077,"2020-05-16",-28,10,39,-7,-15,5
"702","US","United States","Washington","Yakima County","","",53077,"2020-05-17",-19,13,55,-2,-21,5
"703","US","United States","Washington","Yakima County","","",53077,"2020-05-18",-20,7,14,-12,-33,9
"704","US","United States","Washington","Yakima County","","",53077,"2020-05-19",-16,10,24,-14,-35,12
"705","US","United States","Washington","Yakima County","","",53077,"2020-05-20",-18,8,25,-8,-34,10
"706","US","United States","Washington","Yakima County","","",53077,"2020-05-21",-20,9,30,-7,-36,11
"707","US","United States","Washington","Yakima County","","",53077,"2020-05-22",-22,13,52,-7,-36,10
"708","US","United States","Washington","Yakima County","","",53077,"2020-05-23",-27,13,96,8,-15,3
"709","US","United States","Washington","Yakima County","","",53077,"2020-05-24",-15,20,162,14,-23,1
"710","US","United States","Washington","Yakima County","","",53077,"2020-05-25",-25,6,63,-20,-69,15
"711","US","United States","Washington","Yakima County","","",53077,"2020-05-26",-19,8,50,0,-33,9
"712","US","United States","Washington","Yakima County","","",53077,"2020-05-27",-15,9,60,-5,-34,8
"713","US","United States","Washington","Yakima County","","",53077,"2020-05-28",-17,11,49,-3,-33,9
"714","US","United States","Washington","Yakima County","","",53077,"2020-05-29",-22,11,51,2,-32,9
"715","US","United States","Washington","Yakima County","","",53077,"2020-05-30",-29,6,31,-5,-6,3
"716","US","United States","Washington","Yakima County","","",53077,"2020-05-31",-13,17,85,13,-13,1
"717","US","United States","Washington","Yakima County","","",53077,"2020-06-01",-11,16,34,2,-32,6
"718","US","United States","Washington","Yakima County","","",53077,"2020-06-02",-16,11,35,-6,-32,8
"719","US","United States","Washington","Yakima County","","",53077,"2020-06-03",-12,13,58,-5,-32,8
"720","US","United States","Washington","Yakima County","","",53077,"2020-06-04",-17,14,40,-2,-33,8
"721","US","United States","Washington","Yakima County","","",53077,"2020-06-05",-22,12,47,1,-33,9
"722","US","United States","Washington","Yakima County","","",53077,"2020-06-06",-25,14,69,3,-6,2
"723","US","United States","Washington","Yakima County","","",53077,"2020-06-07",-15,18,66,12,-15,2
"724","US","United States","Washington","Yakima County","","",53077,"2020-06-08",-17,11,16,-6,-32,8
"725","US","United States","Washington","Yakima County","","",53077,"2020-06-09",-15,14,29,-12,-32,10
"726","US","United States","Washington","Yakima County","","",53077,"2020-06-10",-14,12,51,-9,-32,7
"727","US","United States","Washington","Yakima County","","",53077,"2020-06-11",-16,10,43,-10,-34,9
"728","US","United States","Washington","Yakima County","","",53077,"2020-06-12",-21,12,50,-3,-33,8
"729","US","United States","Washington","Yakima County","","",53077,"2020-06-13",-24,13,59,2,-6,3
"730","US","United States","Washington","Yakima County","","",53077,"2020-06-14",-13,17,111,10,-11,1
"731","US","United States","Washington","Yakima County","","",53077,"2020-06-15",-13,14,5,-8,-33,9
"732","US","United States","Washington","Yakima County","","",53077,"2020-06-16",-15,10,34,-9,-31,8
"733","US","United States","Washington","Yakima County","","",53077,"2020-06-17",-15,11,61,-4,-32,7
"734","US","United States","Washington","Yakima County","","",53077,"2020-06-18",-14,14,61,5,-33,7
"735","US","United States","Washington","Yakima County","","",53077,"2020-06-19",-17,17,69,2,-33,6
"736","US","United States","Washington","Yakima County","","",53077,"2020-06-20",-24,19,77,6,-6,1
"737","US","United States","Washington","Yakima County","","",53077,"2020-06-21",-15,28,117,21,-7,-2
"738","US","United States","Washington","Yakima County","","",53077,"2020-06-22",-16,10,40,-3,-35,6
"739","US","United States","Washington","Yakima County","","",53077,"2020-06-23",-15,12,52,-8,-34,8
"740","US","United States","Washington","Yakima County","","",53077,"2020-06-24",-13,10,53,-4,-33,7
"741","US","United States","Washington","Yakima County","","",53077,"2020-06-25",-15,10,54,-5,-34,7
"742","US","United States","Washington","Yakima County","","",53077,"2020-06-26",-21,11,54,-3,-34,7
"743","US","United States","Washington","Yakima County","","",53077,"2020-06-27",-27,9,72,6,-9,1
"744","US","United States","Washington","Yakima County","","",53077,"2020-06-28",-18,8,52,6,-12,2
"745","US","United States","Washington","Yakima County","","",53077,"2020-06-29",-14,13,41,-2,-33,6
"746","US","United States","Washington","Yakima County","","",53077,"2020-06-30",-13,14,53,0,-34,7
"747","US","United States","Washington","Yakima County","","",53077,"2020-07-01",-7,18,56,0,-34,6
"748","US","United States","Washington","Yakima County","","",53077,"2020-07-02",-7,25,72,7,-37,6
"749","US","United States","Washington","Yakima County","","",53077,"2020-07-03",-17,23,84,4,-52,9
"750","US","United States","Washington","Yakima County","","",53077,"2020-07-04",-39,17,94,7,-25,1
"751","US","United States","Washington","Yakima County","","",53077,"2020-07-05",-19,10,107,17,-15,-1
"752","US","United States","Washington","Yakima County","","",53077,"2020-07-06",-12,14,47,1,-37,6
"753","US","United States","Washington","Yakima County","","",53077,"2020-07-07",-14,14,44,-9,-35,7
"754","US","United States","Washington","Yakima County","","",53077,"2020-07-08",-13,13,63,-11,-34,7
"755","US","United States","Washington","Yakima County","","",53077,"2020-07-09",-13,11,48,-9,-34,7
"756","US","United States","Washington","Yakima County","","",53077,"2020-07-10",-16,15,71,3,-35,6
"757","US","United States","Washington","Yakima County","","",53077,"2020-07-11",-24,11,83,13,-12,1
"758","US","United States","Washington","Yakima County","","",53077,"2020-07-12",-13,16,101,10,-13,-1
"759","US","United States","Washington","Yakima County","","",53077,"2020-07-13",-13,12,41,-2,-34,6
"760","US","United States","Washington","Yakima County","","",53077,"2020-07-14",-13,11,55,-2,-34,7
"761","US","United States","Washington","Yakima County","","",53077,"2020-07-15",-12,14,59,-7,-35,6
"762","US","United States","Washington","Yakima County","","",53077,"2020-07-16",-13,13,46,-2,-35,7
"763","US","United States","Washington","Yakima County","","",53077,"2020-07-17",-17,13,53,3,-35,6
"764","US","United States","Washington","Yakima County","","",53077,"2020-07-18",-25,14,87,15,-12,0
"765","US","United States","Washington","Yakima County","","",53077,"2020-07-19",-15,15,115,18,-15,-2
"766","US","United States","Washington","Yakima County","","",53077,"2020-07-20",-12,15,36,1,-35,6
"767","US","United States","Washington","Yakima County","","",53077,"2020-07-21",-14,14,47,-6,-35,7
"768","US","United States","Washington","Yakima County","","",53077,"2020-07-22",-11,13,54,-1,-34,7
"769","US","United States","Washington","Yakima County","","",53077,"2020-07-23",-13,13,56,-1,-34,7
"770","US","United States","Washington","Yakima County","","",53077,"2020-07-24",-18,11,67,7,-35,6
"771","US","United States","Washington","Yakima County","","",53077,"2020-07-25",-24,11,101,6,-14,0
"772","US","United States","Washington","Yakima County","","",53077,"2020-07-26",-15,12,129,16,-18,-1
"773","US","United States","Washington","Yakima County","","",53077,"2020-07-27",-14,12,38,-2,-36,6
"774","US","United States","Washington","Yakima County","","",53077,"2020-07-28",-15,11,43,-5,-35,7
"775","US","United States","Washington","Yakima County","","",53077,"2020-07-29",-13,10,67,-8,-35,7
"776","US","United States","Washington","Yakima County","","",53077,"2020-07-30",-13,12,40,-5,-36,7
"777","US","United States","Washington","Yakima County","","",53077,"2020-07-31",-16,14,48,1,-37,6
"778","US","United States","Washington","Yakima County","","",53077,"2020-08-01",-21,14,86,7,-16,0
"779","US","United States","Washington","Yakima County","","",53077,"2020-08-02",-13,15,118,14,-18,-1
"780","US","United States","Washington","Yakima County","","",53077,"2020-08-03",-8,18,38,2,-36,5
"781","US","United States","Washington","Yakima County","","",53077,"2020-08-04",-12,14,57,-3,-36,6
"782","US","United States","Washington","Yakima County","","",53077,"2020-08-05",-10,12,57,-5,-37,6
"783","US","United States","Washington","Yakima County","","",53077,"2020-08-06",-13,9,41,-3,-37,7
"784","US","United States","Washington","Yakima County","","",53077,"2020-08-07",-16,11,65,6,-36,5
"785","US","United States","Washington","Yakima County","","",53077,"2020-08-08",-22,14,87,7,-17,0
"786","US","United States","Washington","Yakima County","","",53077,"2020-08-09",-12,14,116,19,-17,-2
"787","US","United States","Washington","Yakima County","","",53077,"2020-08-10",-12,14,46,-3,-37,5
"788","US","United States","Washington","Yakima County","","",53077,"2020-08-11",-13,12,59,-5,-36,6
"789","US","United States","Washington","Yakima County","","",53077,"2020-08-12",-10,8,54,-8,-35,6
"790","US","United States","Washington","Yakima County","","",53077,"2020-08-13",-13,10,54,2,-36,6
"791","US","United States","Washington","Yakima County","","",53077,"2020-08-14",-16,11,62,2,-37,5
"792","US","United States","Washington","Yakima County","","",53077,"2020-08-15",-25,8,89,13,-15,0
"793","US","United States","Washington","Yakima County","","",53077,"2020-08-16",-15,11,111,12,-19,-2
"794","US","United States","Washington","Yakima County","","",53077,"2020-08-17",-12,11,33,0,-37,5
"795","US","United States","Washington","Yakima County","","",53077,"2020-08-18",-14,9,49,-8,-34,6
"796","US","United States","Washington","Yakima County","","",53077,"2020-08-19",-10,10,64,-5,-35,5
"797","US","United States","Washington","Yakima County","","",53077,"2020-08-20",-11,11,63,-2,-36,6
"798","US","United States","Washington","Yakima County","","",53077,"2020-08-21",-14,10,62,2,-35,5
"799","US","United States","Washington","Yakima County","","",53077,"2020-08-22",-20,11,87,7,-13,-1
"800","US","United States","Washington","Yakima County","","",53077,"2020-08-23",-8,16,116,14,-17,-2
"801","US","United States","Washington","Yakima County","","",53077,"2020-08-24",-9,11,51,-5,-35,5
"802","US","United States","Washington","Yakima County","","",53077,"2020-08-25",-8,11,74,-14,-34,5
"803","US","United States","Washington","Yakima County","","",53077,"2020-08-26",-8,9,72,-14,-34,5
"804","US","United States","Washington","Yakima County","","",53077,"2020-08-27",-8,9,72,-5,-34,6
"805","US","United States","Washington","Yakima County","","",53077,"2020-08-28",-14,9,76,-4,-34,5
"806","US","United States","Washington","Yakima County","","",53077,"2020-08-29",-17,10,88,0,-10,-1
"807","US","United States","Washington","Yakima County","","",53077,"2020-08-30",-4,15,125,6,-11,-2
"808","US","United States","Washington","Yakima County","","",53077,"2020-08-31",-7,12,53,-11,-34,4
"809","US","United States","Washington","Yakima County","","",53077,"2020-09-01",-2,16,77,-8,-33,4
"810","US","United States","Washington","Yakima County","","",53077,"2020-09-02",-2,12,82,-10,-33,4
"811","US","United States","Washington","Yakima County","","",53077,"2020-09-03",-3,16,77,-9,-35,4
"812","US","United States","Washington","Yakima County","","",53077,"2020-09-04",-9,15,74,-4,-35,4
